CODE;NOM;CODEPOSTAL;
AA020;AAFA SARL;84420;
AB003;AB MAINTENANCE;13009;
AB007;ABC DEPANNAGE MONSIEUR WALDURA;13100;
AB037;ABIOTECH;13340;
AB045;ABS FERMETURES;83130;
AB052;AB STRUCTURES;34070;
AB059;ABFC;13390;
AB072;ABH SARL;6600;
AB082;AB SECURITE CURTISOLAR;98000;
AB084;ABCD INTERNATIONAL;91350;
AB086;AB STORE;13003;
AC008;ACPM;13013;
AC032;ACE;13170;
AC044;ACTIS CAPORALE ALU;13124;
AC073;ACCES PRO;13004;
AC074;ACTIO;13005;
AC085;ACTION MENUISERIES GLASS;6130;
AC091;ACVS;13008;
AC095;ACITECH;77590;
AC097;ACOMA;91700;
AC101;ACTEMIUM MORMANT;77720;
AC105;ACCES SERVICES;75019;
AC106;ACTION SERRURERIE;83160;
AC069;ACRM INGENIERIE;13380;
AC110;ACTIIVE;78150;
AD008;ADSEA FOYER LES CHENES;13011;
AD010;ADP METAL;13830;
AD015;CRECHES DU SUD;13013;
AD043;A.D.S SECURITE;11120;
AD044;ADAPT 06;6100;
AD047;ADAR PROVENCE SERVICES;13097;
AD049;ADEQWATTS ENERGIES;78290;
AD050;ADVISOR SECURITE;93330;
AD055;ADAGIO SAS;13002;
AF011;AFINBAT ISOLATION;83670;
AF012;AFB;13140;
AF023;AFP;84120;
AF025;AFSE;13400;
AF028;AFIMES SAS;91370;
AF030;AFUL ZAC AVENIR;75009;
AG032;AGAFPA;13850;
AG033;AG BATIMENT;13013;
AI004;AIGLON MIROITERIE;6300;
AI005;AITEC EVOLUTION;6000;
AI010;SA QUINCAILLERIE D'AIX;13593;
AI020;AIX MIGNET SERVICES;13100;
AI021;AIKO ECO;13821;
AJ003;AJC MENUISERIES;30100;
AJ009;AJ CONSTRUCTION;;
AL042;ALU GLASS DECO;6800;
AL045;ALOTRA;13004;
AL048;ALU MD FERMETURES;13014;
AL052;SARL LUSTORE;4000;
AL071;ALIZE SARL;83470;
AL072;ALEXANDRE MIROITERIE;6100;
AL074;MIROITERIE ALU DU SOLEIL;6790;
AL092;ALUFERM;6510;
AL178;ALUK SYSTEMES;69440;
AL197;ALBERSTORE;13400;
AL225;ALUNNI BAGARELLI SA;6100;
AL241;ALCEA;91140;
AL242;ALSEA;92230;
AL243;ALLOUIS FACE INTEC;69120;
AL245;ALUTEC CONCEPT;13240;
AL247;ALPHA SERVICES;13821;
AL248;ALTHEC SECURITE SYSTEMES;94290;
AM023;S M B;13010;
AM039;ARCELOR MITTAL DISTRIBUTION;57971;
AM052;AM MULTISERVICES;13400;
AM055;AMALGAME;69126;
AM056;AMJ BATIMENT;75019;
AM058;AM2S SAS;83390;
AN029;ANDRA ASCENSEURS;94600;
AN030;ANSELMO SA;93141;
AN032;ANGE INDUSTRIES;13009;
AP027;APEPS ASSOCIATION;13011;
AP040;APCAR;13015;
AP042;APAVE SUDEUROPE;13322;
AP050;AP PRODUCTION;33565;
AR002;ARTBOIS MENUISERIES;13590;
AR013;ARTISANALES SOCIETE;13011;
AR028;ART CHI;13006;
AR030;ARROWS TECHNOLOGIES;13009;
AR031;ARI - INSTITUT LES BASTIDES;13011;
AR039;ETS ARNAUD ROBERT;4000;
AR040;ARI - INSTITUT LES BORIES;13400;
AR045;ART DECO SARL;13011;
AR051;ARCALENI-MORENO;6400;
AR058;ARGENS ALU;83490;
AR085;ARTM;95320;
AR089;ART ET DESIGN MENUISERIE;13080;
AR096;ARAIMC CENTRE SAINT THYS;13010;
AS013;POLE EMPLOI;13010;
AS024;ASSE ENTRPRISE;6600;
AS028;ASSA ABLOY FRANCE;10304;
AS031;ASSISTANCE DISTRIBUT° SOUDAGE;6550;
AS045;ASM;13124;
AS051;AST;13003;
AS055;ASSOC ORIA MULTI ACCUEIL CRECH;13004;
AS061;CONVERGINT TECHNOLOGIES FRANCE;77183;
AS062;A.N.G.;94520;
AS065;2ASC IMMOBILIER;95410;
AT006;ATELIERS DU BOIS;98000;
AT023;ATS;20700;
AT005;ATEC;13013;
AT067;AT SERVICES SARL ACABIS;13400;
AT068;ATELIERS DE LA REINIERE SARL;6000;
AT082;ATB PARQUETS (NV COMPTE IC013);34130;
AT088;ATELIER INTERIOR;93697;
AT091;ATEXIA;97419;
AT094;ATCHER MENUISERIE;30600;
AT103;ATOLE MONTLUCON;3410;
SE166;SAS SECURITAS TECHNOLOGIES;13014;
AU026;AU FORUM DU BATIMENT;60230;
AU034;AUTOMATISME FERMETURE CONCEPT;84220;
AU038;A2M;13500;
AU049;AUSTRAL SECURITES;97419;
AU052;AUX FORGES DE L'EST;75020;
AV004;A V S;6700;
AV005;A V S ALUMINIUM VERRES STORES;6370;
AV034;AVATH MOINEAUX DE L'HERMITAGE;83200;
AV036;AVEEA;75012;
AV037;AVA;95240;
AX003;AXIAL FERMETURES SARL;13220;
AX010;AXONE INDUSTRIES;13200;
AX016;AXCEO;94000;
AX018;AXEL AMENAGEMENT;92700;
AZ003;AZURALU  S.A.R.L;6730;
AZ017;AZUR ALU SECURITE;13400;
AZ018;JOLY STORES (AZUR ALUMINIUM);6210;
AZ020;AZUR CONSEIL PROTECTION SARL;6800;
AZ039;AZUR PVC SYSTEMES;83260;
AZ051;AZ SERRURERIE;13005;
AZ052;CENTRE AZUR;83110;
AZ055;AZUREVA SERVICE PREVENTION;1011;
BA003;ETS BAREAU SAS;13830;
BA008;MENUISERIE BARBA G.;13590;
BA011;BAGET (STE D'EXP DES ETS);13010;
BA032;MIROITERIE DES 3 BAOUS;6140;
BA040;BAUMERT;67150;
BA097;BALITRAND;6154;
BA101;BFS PACA M PETIT;13140;
BA105;BAIES CREATION;13170;
BA111;BATI MULTISERVICES;13014;
BA114;STE INTERN. MOTEURS BAUDOUIN;13711;
BA130;BATEG;78457;
BA133;BATI PLUS;13014;
BD004;BLINDAGES DE FRANCE BDF;93600;
BE017;MIROITERIE VITRERIE BERTRAND;83700;
BE021;BERAHA CLIMAT 26;13005;
BE025;BELLA VISTA MENUISERIES SAS;13127;
BE029;BETIS;13127;
BE073;BENJAMIN SERRURERIE;13127;
BE075;BERMA;91220;
BI008;BISACCIA ROBERT SERRURERIE;13001;
BI009;SARL BIJEAU ALAIN;94370;
BL002;BLUE LIGHT;98000;
BL003;SAS BOSCHAT LAVEIX;22402;
BL004;BLACHERE & FILS MENUISERIE;30140;
BO004;BOVIS FACILITIES SITE AMADEUS;6600;
BO011;BORRIGLIONE SERRURERIE SARL;6100;
BO016;BOLLORE ENERGY;6200;
BO018;BOSSE ET FILS SERR. FERRON.;83300;
BO035;BOUZE MICKAEL;13510;
BO051;BONSIGNORE ET OLIVETTA;6500;
BO056;BOUTIQUE LOIRE;49600;
BO057;BOUTIQUE FACILITY;47500;
BO059;BONNARDEL;77870;
BO064;BOLMIN PROFILS;27000;
BO066;BOUYGUES E&S 848X;44823;
BO071;BOISTECH SAS;85270;
BP005;BPE PACA;6220;
BR015;BRUNASSO MICHEL;6000;
BR025;BRARD SAS;94140;
BU001;BUCHET SA;6301;
CA004;SCP CANAL DE PROVENCE;13182;
CA008;HOPITAL PRIVE LA CASAMANCE;13675;
CA013;CATALVER;83210;
CA036;CASTAN ETS;11100;
CA057;SARL MENUISERIE CARDONNET;34270;
CA059;SARL DES ETS CAPPELLINI;6340;
CA060;CALIFORNIE SECURITE S.A.R.L;6200;
CA064;MENUISERIE CALVO SARL;13600;
CA088;FAYAT BATIMENT SAS;6204;
CA090;CAUCHI DESIGN SARL;13012;
CA092;CAMARGUAISE TECH.VERRIERES;13200;
CA095;CAISSE ALLOCATIONS FAMILIALES;30922;
CA109;CABA NICE;6390;
CA123;MONSIEUR CHAPUT SEBASTIEN;13009;
CA127;CABINET ROBERT LAUZE;34400;
CA132;SFCC CARADONNA COFFRE FORTS;77271;
CA133;SCI CARREDIS;94524;
CA135;CAP INGELEC;33127;
CA136;CAA AGENCEMENT;49290;
CA144;CAUCHI DESIGN 83;83160;
CB003;CBI CAMPENON BERNARD INDUSTRIE;92563;
CB009;CBA MONTAGNE;38480;
CB010;CBRE GWS FRANCE SAS;92300;
CC023;CCI COTE AZUR PORT NICE;6005;
CC027;CCCP;13002;
CE002;ASSOCIATION L'ESPOIR;13011;
CE005;ASSOCIATION J.B FOUQUE;13010;
CE010;CENTRE HOSPITALIER D'ALLAUCH;13190;
CE013;CENTRE HOSPITALIER APT;84405;
CE029;CEGELEC INFRAS SUD EST;13746;
CE031;CEINTRALU;6390;
CE042;CERCLE DES NAGEURS DE MLLE;13007;
CE046;POLYCLINIQUE SAINT FRANCOIS;83860;
CE065;CEGELEC MAINTENANCE TERTIAIRE;34965;
CE068;LE CEZANNE;13100;
CE083;CENTRE COMMUNAUTAIRE LA ROSE;13013;
CE097;CENTRE HOSPIT.LE MAS CAREIRON;30701;
CE114;CERA TECHNOLOGIE SARL;6300;
CE117;CENTRE HOSPITALIER MENTON;6507;
CE119;CENTRE HOSPITALIER STE MARIE;6009;
CE128;CENTRE HOSPITALIER VALENCE;26953;
CE135;CENTRE NATIONAL DE LA DANSE;93507;
CE141;CTRE HOSP ST PONS DE THOMIERES;34220;
CE145;CESA;77184;
CE146;CEREL;93297;
CE149;CEOS FACILITY;78130;
CH020;CHADIAN SERRURERIE;13004;
CH027;CH FREJ ST RAPHAEL;83600;
CH046;CENTRE HOSPITALIER DE NICE;6003;
CH050;CHRYSALIDE LES TILLEULS;13320;
CH057;CHAUDRONNERIE BRIGNOLAISE;83170;
CH058;LA CHRYSALIDE-IME LES FIGUIERS;13011;
CH060;CHATELAS ROMUALD;13400;
CH062;CHALLENGER SARL;6300;
CH068;CI CHARTEAU RIQUIER CABINET;6047;
CH074;CHARRIER;91480;
CH075;DELTA SECURITY SOLUTIONS;91978;
CH076;CHAZELLE;42004;
CI008;KIPING GENIE ELECTIQUE ET;13011;
CI019;CIPRIANI RENATO;13110;
CI026;CIRCET;83210;
CI047;CIFFREO BONA;6150;
CI049;CIAVALDI POSE ET REPARATION;13120;
CL006;CLINIQUE LA PROVENCALE;13011;
CL008;CLINIQUE SAINT-MARTIN;13011;
CL009;CLINIQUE SAINT-ROCH;13011;
CL016;CLOISOL SUD;13850;
CL017;CLAIR AMENAGEMENT;6600;
CL018;KIPING GENIE CLIMATIQUE;13011;
CL019;CLEF EXPRESS MONACO;98000;
CL021;CLINIQUE DES 4 SAISONS;13396;
CL027;CLINIQUE DES TROIS LUCS;13012;
CL045;CLINIQUE PHENICIA SAS;13005;
CL052;CLE EXPRESS;6300;
CL053;CLEFOR;34070;
CL057;CLIBAT AMENAGEMENT;6700;
CL063;CLINICA OXFORD;6400;
CL064;CLINIQUE L EMERAUDE;13274;
CL067;CLINIQUE VILLA ROMAINE;6045;
CL082;CROUS   CROUS NICE;83041;
CL088;CLES DU SUD;13009;
CL095;CLOS ORNASCA;20117;
CL096;CLESTRA HAUSERMAN COMPTABILITE;75214;
CL098;CLEFERM;92000;
CL100;CLG JULES VALLES CHOISY LE ROI;94600;
CL103;CLASSIC METAL CONCEPT;6000;
CL104;CLES DU SUD/DECOME CHRISTOPHER;13013;
CL107;CLINIQUE SAINT MARTIN SUD;13009;
CL109;CLEAN SOFT;13400;
CL111;CLOSAM;91940;
CL112;CL STORE;6730;
CL113;CLINIQUE VIA DOMITIA;34400;
CL096;CLESTRA HAUSERMAN COMPTABILITE;67411;
CL115;CLOISONS PARTENA;93200;
CM002;CMN LA MERIDIONALE;13213;
CM012;CMA;83300;
CM014;C.M.A SAM;98000;
CM017;CMHE (IBIS BUDGET MLLE TIMONE);13005;
CM012;CMA;84120;
CM012;CMA;34100;
CM027;CMT BATIMENT;13290;
CN006;CNM INTERNATIONAL;13704;
CO014;COLLEGE ALFRED CROUZET;34290;
CO019;COLLEGE CLAIR SOLEIL;13014;
CO022;SCOP COSVAL;13300;
CO025;COLLEGE COIN JOLI SEVIGNE;13009;
CO029;COLLEGE VICTOR SCHOELCHER;84290;
CO035;COLLEGE ANDRE CHENIER;13012;
CO036;COLLEGE JEAN GIONO;13013;
CO047;CORA TP;13740;
CO048;COLLEGE CAMPRA;13100;
CO053;COLLEGE FERNAND LEGER;13130;
CO060;CONFIANCE MENUISERIE;13008;
CO103;B AU COMPTOIR DU VERRE;5000;
CO118;COMPTOIR ELECTRIQUE FRANCAIS;6150;
CO133;COMPTOIR NICOIS OUTIL FIXATION;6300;
CO137;COLLEGE N.DAME DE LA JEUNESSE;13011;
CO144;COLLEGE PONT DE VIVAUX;13385;
CO158;COLLEGE EDOUARD MANET;13014;
CO173;COLLEGE ARTHUR RIMBAUD;13015;
CO197;CO.RE.BAT;13300;
CO207;COLLEGE NATHALIE SARRAUTE;13400;
CO219;CORSO FRANCOIS;13007;
CO228;COFADIS;13100;
CO242;COLLEGE EDGAR QUINET;13003;
CO258;COLLEGE JEAN MALRIEU;13005;
CO259;COLLEGE LAKANAL;13400;
CO267;COLLEGE ANTOINE FAURE;34810;
CO154;COLLEGE ANDRE MALRAUX;13775;
CO275;COMPAGNIE DU STORE;6700;
CO276;SARL COSENTION ET FILS;98000;
CO281;COBIANCHI PHILIPPE;13013;
CO288;CONCEPT BAIE;83480;
CO292;COLLEGE SYLVAIN MENU;13009;
CO299;COLLEGE PYTHEAS;13014;
CO300;COMPLEXE LES HEURES CLAIRES;13800;
CO305;CORSICA LINEA;13003;
CO310;COLLEGE LOUIS PASTEUR;13009;
CO311;COLLEGE PORT LYMPIA;6300;
CO313;COURS NOTRE DAME DE FRANCE;13294;
CO318;CODE-ELEC;93700;
CO319;COLLEGE JEAN FRANCO;6660;
CO321;CORSE COMPOSITES AERONAUTIQUES;20700;
CO323;COGENT COMMUNICATION FRANCE;92250;
CO325;COM AGGLO PROVENCE VERTE;83170;
CO328;COULANGE IMMOBILIER;13008;
CO331;CONDUC'HABITAT;13590;
CO341;COMETE INDUSTRIE;38280;
CO343;COLLEGE LE PRE DES ROURES;6650;
CO346;SCS COUTURIER ET CIE GSMA;98000;
CO348;COVERIS;33170;
CP008;C2P;13170;
CP013;CPA NEGOCE;91650;
CR001;CARSAT SUD EST;13352;
CR004;CREATION ESPACE BUREAU;13090;
CR018;CRNA/SE;13617;
CR050;CROIX ROUGE FRANCAISE-06;6250;
CR051;DIRECTION DU CREPS PACA;6601;
CR061;CRITEL;54521;
CR065;CONECTIA CRH IDF;94150;
CV003;CV3E;13730;
CY002;CYC;75011;
DA001;DATAC SERVICES;6270;
DA028;DACOS ENTREPRISE;84200;
DA046;SERRURERIE DAVTIAN;13006;
DA049;DANAE;75017;
DA051;DAY BUILDER GROUP;13007;
DA053;DAT VERRIERES;45750;
DD006;DDSP13;13014;
DE013;DEVAUZE;13010;
DE022;DELTA SERTEC - MARSEILLE;13013;
DE028;DESIGN D'ESPACES;83600;
DE037;DESCAMPS PROTECTION;13012;
DE058;DESCOURS ET CABAUD P.A.C.A;83278;
DE064;PARTNER DELTA BOIS;30000;
DE072;DEGIVRY;6000;
DE096;DEF DETECTION ELECTRONIQUE FRA;91882;
DE099;DESIGN BY PERSPECTIVES;13090;
DE111;DELAGARDE;13852;
DF002;DFC2 DIFFUSION;44120;
DI006;DIFRAL SAS;6515;
DI010;MIROITERIE DIPASQUALE;84130;
DI039;DIP S.A;13367;
DI052;DIGI DIFFUSION ET COMPAGNIE;75012;
DL004;DL INDUSTRIE;93130;
DO004;DORMAKABA FRANCE;94046;
DO011;DOGUYAL SARL;13008;
DO015;D & O MANAGEMENT SAS;83440;
DO019;DOMOSERVICES;13011;
DR006;DREQ MENUISERIE SASU;13016;
DR009;DRPE HOTELLERIE SARL;13001;
DS007;DSM SERRURERIE DEPANNAGE;13010;
DU022;STE NOUVELLE DUCROS;34090;
DU025;DUO CONFORT;6410;
DU031;DUBE ATOUSERVICES SARL;83130;
DV001;DIFFUSION VAROISE MENUISERIE;83300;
EC018;ECOLE HAMASKAINE;13012;
EC022;BALLET NATIONAL DE MARSEILLE;13008;
EC025;ECOTEC 13;13400;
EC026;ECOTEC 06;13400;
EC029;ECF INGENERIE;93692;
EC030;ECOLE NATIONALE DE DANSE;13008;
ED006;EDIFICE SARL;13330;
ED013;SARL EDWARD;13006;
ED015;EDISON;34430;
ED016;EDC ALTERNATIVE;6800;
EE002;EEAP LES CALANQUES;13009;
EF003;EIFFAGE CONSTRUCTION;62971;
EG014;VINGLIN DAMIEN;20167;
EH002;EHPAD-LA BASTIDE DE PEGOMAS;6580;
EH006;EHPAD JEHAN RIPPERT;84490;
EI001;LYCEE GUSTAVE EIFFEL;13400;
EI010;EIFFAGE CONSTRUCTION VAR;62971;
EI023;EISA;83440;
EL004;ELOREM ALU;13590;
EL012;ELECTROTECH;13012;
EL015;ELIOTHEC;13012;
EL016;ELECTRIC AVENIR SARL;13010;
EL017;ELECTRICITE INDUST. JP FAUCHE;13100;
EL036;JP FAUCHE MARSEILLE PROVENCE;13011;
EL037;AEGE;69200;
EL049;ELIZI;91410;
EM014;EMPR 2000;13010;
EM019;EMAVER MIROITERIE;83079;
EM021;EMR ASCENSEURS ETS RAYMOND;6000;
EM028;EMC MENUISERIE;13003;
EM029;EMI TERTIAIRE;77183;
EN018;ENERGITEC ELEC;83078;
EN035;ENERGILEC;95120;
EP001;EPI EURL;30660;
EP005;PIERRE NOUGIER SARL;13013;
EP018;EPE;94100;
EP019;EPLS;93106;
EP020;EPA MASSE DES DOUANES;75927;
EQ010;ASSOCIATION EQUI LIB;13190;
ER007;E.R.M.A.;34170;
ER010;ERTIC INDUSTRIE;13120;
ER017;ERI;94120;
ER019;ERN;6000;
ES015;LE VAL D'ESTREILLES S.A;6580;
ES017;ESPACE RENOVATION S.A.R.L;13006;
ES023;ESPACE ALU ST LAURENT;6700;
ES038;ES RENOVATION;13011;
ES045;SARL ESPACE RIVIERA;6200;
ES047;ESPACES CONCEPT;13400;
ET002;ETPM LAUMET;13370;
ET003;ETELEC;13010;
ET026;ETMB;95240;
ET027;ETPE;6670;
EU001;EUREKA BATIMENT;83136;
EU013;EUROPLIAGE;6700;
EU021;EUROP TP SAS;6200;
EU025;EURACHATS;13010;
EU042;EUROP'ELEC SARL;6516;
EU046;EUROPE GAMMES;13010;
EU050;EUROGEM;93300;
EV004;EVANGELISTA SARL;13120;
FA019;FAM;13400;
FA041;FASS;75012;
FA045;FACILITESS;75015;
FA048;FACAL ENGENHARIA DE FACHADAS;4780;
FC004;FCMA;69390;
FE016;FERMECO SAS;13127;
FE037;FERDALU;13014;
FE047;FENETRES ISOLANTES INDUST.;6371;
FE055;FENETRE IMAGINE;6390;
FE062;FELICES ET FILS;83310;
FE075;FERMEO JLM SARL;13590;
FE086;FERRONNERIE VALAITIS;83310;
FE097;FERBAT QUINCAILLERIE;67025;
FE109;FEDER'IT;13120;
FI006;SARL LA FILOSETTE;13730;
FI023;FIRM SARL;69190;
FI025;F2I SARL;13340;
FI028;FIL FRANCE;85300;
FI038;FIVO SERVICES;95640;
FI030;F2I ILE DE FRANCE;91220;
FI031;FIRAC TECHNOPARC;78306;
FI034;FIDUCIAL SECURITE SYSTEMES;69336;
FI036;FICOGRAPHIE;13110;
FL006;FLORENTIN MENUISERIE EBENIST.;83310;
FM001;FM BAIES;20167;
FM006;FMS;6200;
FM008;FMIB;94450;
FO006;MAISON D'ENFANTS LES ST ANGES;13008;
FO018;FOYER LES VIOLETTES;13012;
FO021;FORMATION ET METIER TBH;13011;
FO025;LSB LA SALLE BLANCHE SAS;84400;
FO026;FONCIA VIEUX PORT;13009;
FO032;FOYER MAISON PARC AUX CYPRES;84530;
FO033;FONDATION ARMEE DU SALUT;34093;
FO034;FOYER DEPTAL ENFANCE DU GARD;30000;
FO046;FONDERIE DE MONACO;98000;
FO053;FONCIA GRAND BLEU;83120;
FO057;FOUASSIN ENTREPRISES;91421;
FO058;FONTBONNE ET FILS;69153;
FO060;FONDATION DE NICE PSP ACTES;6300;
FR008;FRANCIAFLEX;45430;
FR018;FRANCE CLEF SARL;6000;
GA021;GASPICH ET ROBBA SARL;6300;
GA026;CAM CLOISONS AMOVIBLES MED;13360;
GA027;GARABELLO S.A.R.L;13240;
GA050;GAZOCEAN - GASELYS;13344;
GA059;LA GARRONNIERE;34130;
GB004;GB CONCEPT;34130;
GC003;GCC;13846;
GC007;GCP 13;13009;
GC008;GCV SARL;20167;
GC009;GCC VITROLLES;13846;
GE022;GENDARMERIE NATIONALE;13387;
GE033;GEMTECH PROVENCE;13014;
UN026;UNION MATERIAUX;34960;
GE056;GERIN FRERES;20600;
GE059;GENELEC;95370;
GE060;GEOMS;93100;
GE064;GENTLEMAN SERRURIER;13013;
GE065;GENERALE DE RENOVATION;13007;
GH002;GHEZZI PERE ET FILS, SARL;30700;
GI004;GIL METAL;6100;
GI005;GIOVANNI FERRON D'ART SARL;6300;
GI010;GI SURETE;77560;
GI025;ENTREPRISE GIRARD SNC;84000;
GL009;MIROITERIE GLASSUD DESIGN;84700;
GL010;GLAURALEX SAS;13011;
GO002;GOLDSTAR RESORT;6000;
GP002;GPM OFFICE;75009;
GR006;SARL GROSJEAN;84600;
GR030;GRAND SUD HABITAT;13010;
GR032;GRAND DELTA ALUMINIUM;13400;
GR047;GROUPE GOYER;41120;
GR048;GROUPE DE MUSIQUE MARSEILLE;13003;
GS009;GS DECORATION;13012;
GT013;GTIE TERTIAIRE IDF;91160;
GT014;GTIE AIR & DÉFENSE;91090;
HA004;HARMONIE DE L'HABITAT S.A.;13120;
HA022;HAFEL ERREBI;13011;
HE019;HERMI ALUMINIUM EURL;83550;
HE022;SAS HED-PMN;13015;
HE023;EHPAD LES JARDINS D'ANIANE;34150;
HE026;HELIOM;78500;
HE027;HERVE THERMIQUE;37300;
HG001;H.G.O;35230;
HI003;SOCIETE HIPPIQUE DE MARSEILLE;13387;
HI004;HITEC;77270;
HM003;HMF;13009;
HM004;HMS HABITAT MULTI SERVICE;13880;
HO002;HOPITAL LOCAL DE SAULT;84390;
HO023;HOPITAL LOCAL LUNEL;34400;
HO027;HOROQUARTZ;85205;
HO028;HOPITAL PRIVE CLAIRVAL;13009;
HO044;HOTELIERE CAMPO DELL'ORO;20700;
HO047;HOTEL PULMANN ROISSY CDG;95935;
HO051;HORIZON TECHNOLOGY;94290;
HT002;HTO;13380;
HY002;HYARDET TE 13;13400;
IB006;IBC;83136;
IC010;INGENIERIE CONSTRUCTIONS METAL;13100;
IC014;ICM;34298;
ID009;IDS ALESSIS SERRURERIE;83000;
ID017;IDEX ENERGIES;92513;
ID021;3ID RENOVATION;26320;
ID023;ID NEO;92350;
IF003;IFSI SAINT JOSEPH;13005;
IL002;ILEX MONACO;98000;
IL003;ILIAD;75008;
IL004;ILEX;6600;
IM014;IMPRIMERIE CARACTERE;13011;
IM016;I.M.E LA MARSIALE;13012;
IM019;IME TROIS LUCS;13012;
IM021;IME VALBRISE;13011;
IM025;IMMO DL;13002;
IM027;IMMO 2 SCI;13012;
IM031;L'IMMOBILIERE SARL;13013;
IM039;IMMALU;6600;
IN004;INSTITUT JEAN PAOLI-CALMETTES;13273;
IN049;INSTALLATION BOUTIQUE FRANCE;47500;
IN065;IM2S PROTECTION INCENDIE;6610;
IN068;INSERM DR MONTPELLIER;34394;
IR001;IROKO, SARL;13670;
IS013;ISOFERM FRANCE;13580;
IS016;ISATEC;13730;
IS020;ISOLBAT;13014;
IS036;INSIGHT SECURE;75008;
IS037;ISATIS FOYER DE VIE LE VILLARE;6710;
IT009;ITTEC;13800;
IV003;IVT SECURITY;76480;
JA014;JARRE SECURITE;94340;
JC004;JCC BATIMENT;13600;
JD001;JD2M;11100;
JD004;JDL FILS;6000;
JE003;JEM;13367;
JL003;JLPC;13013;
JL004;JLB VERANDAS;83130;
JM009;JML ELECTRONIC;38190;
JM011;JML SERVICES;83930;
JM013;JMS;97122;
JO014;JOHNSON CONTROLS SAS;81006;
JP001;JPB MENUISERIE;34730;
JP002;JPM ENTREPRISE GENERALE;13010;
JP006;J2P CONCEPT;13880;
KA009;KALIFELEC EURL;13010;
KA010;KALIA SARL;13290;
KA012;KALICI DESIGN;6000;
KA013;KASSIOPE;13190;
KA015;KARA MENUISERIE;13008;
KA016;KALLISTE ALU;13110;
KB001;K2B FENETRE;13016;
KB002;KB ALU;6340;
KL001;KLEMAIN SARL;6000;
KN004;KNAUF SUD EST;68190;
KR001;KROMALU;6390;
LA002;LANTEAUME (PEINTURE/REVETEMENT;13012;
LA015;LABASTERE 34 SAS;34130;
LA016;LAZER (MENUISERIE) S.A;13016;
LA028;CLINIQUE MEDIAZUR;13720;
LA032;LANDAIS YANNICK;6700;
LA084;LAPEYRE QUINCAILLERIE;81107;
LA087;LA MIROITERIE SARL;6580;
LA094;MEDITERRANEENNE DE PROTECTION;34920;
LA095;L'ASCENSEUR PARISIEN;75012;
LA101;LA CHAUMETTE CHAPUT;94310;
LA106;L'ARTISTE FRED MENUISERIE;6000;
LB001;L.B.A THIVEL;69517;
LE014;SCI RESIDENCE LEOPOLD CARTOUX;13190;
LE038;SAS LES MOUETTES;83600;
LE039;LES TROIS PEUPLIERS SAS;13821;
LE058;LES JARDINS DE MIRABEAU;13170;
LE060;LERM;13631;
LE071;LEO LAGRANGE MEDITERRANEE;13015;
LE073;LES OLIVIERS SARL;34980;
LE076;LEM;83140;
LE080;LE POSEUR;13480;
LE083;LEGALLAIS;14907;
LE088;LEBEGUE MATHIAS;13011;
LE092;LENOIR METALLERIE;69100;
LE093;LEMAIRE - TRICOTEL;95051;
LE094;LES JARDINS DE THALASSA;83160;
LE096;LES COMPAGNONS DU BARROUX;84810;
LE101;LET CONSULTING IDF;95670;
LG006;LGD FERMETURES;13190;
LI009;LITTORAL ALUMINIUM SARL;83190;
LI011;LITT DIFFUSION;13011;
LO002;LOGIREM;13302;
LO005;9115 LOXAM MODULE;14935;
LO032;LORENOVE FENETRES;13770;
LO033;LOCILEC;13100;
LO037;ECOLE LOUISE DE MARILLAC;13011;
LS003;STE LITTORAL SERVICE GENERAL;6130;
LY004;LYCEE PROF.CAMILLE JULLIAN;13011;
LY011;LYCEE AMPERE;13395;
LY024;LYCEE NELSON MANDELA;13012;
LY028;LYCEE LOUIS LUMIERE;13600;
LY033;LYCEE REGIONAL HOTELIER;6203;
LY037;LYCEE PROFESSIONNEL BROCHIER;13010;
LY050;LYCEE MAURICE GENEVOIX;13700;
LY053;"""ECCOLY"" STE MARIE BLANCARDE";13004;
LY054;LPA MARSEILLE;13008;
LY062;LYCEE POLYV.ANTONIN ARTAUD;13388;
LY074;LYCEE POLYVALENT REGIONAL NICE;6300;
LY077;LYCEE AUGUSTE RENOIR;6800;
LY079;LYCEE LEP CHARLES ALLIES;34120;
LY084;LYCEE HONORAT;4400;
LY086;LYCÉE GEORGES CISSON;83100;
LY087;LYCEE PROF RENE CAILLIE;13011;
MA001;MAIRIE DE SAINT VICTORET;13730;
MA015;MAXI PROTECTION;13008;
MA029;MASFER;84250;
MA033;MAIRIE DE PLAN DE CUQUES;13380;
MA045;MAIRIE DE VITROLLES;13743;
MA054;MAIRIE D'AUBAGNE;13400;
MA057;MAS LES ACACIAS;83390;
MA060;MAIRIE DE ROQUEFORT LA BEDOULE;13830;
MA062;MAIRIE D'ORANGE;84100;
MA073;MANE ET FILS S.A.;6620;
MA094;MAIRIE D'ISTRES;13808;
MA098;MAIRIE ST GELY DU FESC;34981;
MA153;MAISON DU BRICOLEUR S.A.R.L;13011;
MA166;NORBA VAR COTE D'AZUR;67110;
MA167;MAISON DU VOLET;13011;
MA172;MAIRIE DE GREASQUE;13850;
MA173;MAIRIE CADOLIVE;13950;
MA176;MARSEILLE INNOVATION;13382;
MA183;MAC - MENUIS ATELIER CHANTIER;13180;
MA186;MAIRIE ENSUES LA REDONNE;13820;
MA209;MAINTENANCE THERMIQUE;44262;
MA212;MAIRIE DE CASSIS;13714;
MA215;MAIRIE SAINT AUNES;34130;
MA241;MAGIK METAL;34080;
MA247;MAIRIE DE TRETS;13530;
MA249;MAISON RETRAITE LA MAGALONE;13014;
MA259;MAIRIE SAINT MARTIN DE CRAU;13558;
MA264;MAIRIE DE BRIGNOLES;83170;
MA276;MARSEILLE CONSTRUCTION;13010;
MA295;MAIRIE DE VALBONNE;6560;
MA296;MARSEILLE HABITAT;13207;
MA298;MAIRIE NANS LES PINS;83860;
MA304;MAIRIE DE ROQUEFORT LES PINS;6330;
MA310;MANOHA QUINCAILLERIE SARL;66011;
MA320;MARINELAND RESORT SAS;6600;
MA325;ENTREPRISE MOUCHET GROUPE 1ER;6000;
MA328;LA MAISON DU SAV;13600;
MA329;MAS LES CHANTERELLES;13007;
MA336;MAIRIE SAINTE TULLE;4220;
MA339;BON PASTEUR MAISON DE RETRAITE;13009;
MA342;MAIRIE DE SAINT TROPEZ;83990;
MA346;MAIRIE DE VENDRES;34350;
MA347;VILLE DE MARSEILLE;13001;
MA348;MAF MENUISERIE;34660;
MA353;M A C;6300;
MA354;MAINCO COMPTA FOURNISSEURS;29200;
MA364;MAIRIE DE PORTO VECCHIO;20137;
MA366;MAIRIE DE ST MARTIN VESUBIE;6450;
MA367;MAIRIE MONTBAZIN;34560;
MA368;MAIRIE DU ROURET;6650;
MA375;MAIRIE DE BARCELONNETTE;4400;
MA376;ASSOCIATION MAS DES MOULINS;34090;
MA377;MJC/MAISON DES JEUNES;13380;
MA380;MARTIFER CONSTRUCTIONS;94613;
MA381;MARTY ENTREPRISE;13013;
MA382;MAIRIE DE COGOLIN;83310;
MB011;METALERIE BERNARD MERCIER SARL;70240;
MB012;MB92 LA CIOTAT;13703;
MC011;MCVD;13190;
MC012;MIROITERIE CANNOISE SARL;6250;
MD002;MD ALUMINIUM;6341;
MD018;MDS DI GIORGO;6150;
ME001;MENUISERIE MERLO;13120;
ME003;MENUISERIE DU PHARO AGENCEMENT;13400;
ME013;MESERAL;13003;
ME025;MENN SAS;6100;
ME034;MENUISERIE A & B;6000;
ME047;MENUISERIE ARTS DECO;13880;
ME068;MERIDIONALE DE MENUISERIE;13110;
ME075;MENTOR ALU PVC STORE;83100;
ME091;MEDIANE;13852;
ME098;METALPRO;13367;
ME108;METAL 2000;13015;
ME121;MERLE MIROITERIE D'ART;6330;
ME129;MENUISERIE DU CANAL;6130;
ME146;MENUISERIE LUCAS;13004;
ME161;METALUMINE;13011;
ME164;MEDIACO MARSEILLE MANUTENTION;13016;
ME184;MES;69130;
ME192;SAS MERI;93107;
ME196;METALLERIE REGNIER;4700;
ME198;MEDIALARME;6700;
ME207;METAL CONCEPTION;13010;
ME210;MENUISERIE LEONI;13190;
ME211;MENUISERIE RENOVATION;6000;
ME212;MENUISERIE TAQUET;91290;
MF003;MAISONS FRANCE CONFORT;44118;
MF005;MF FERMETURE;6210;
MG001;MGEN CENTRE DE GERIATRIE;83270;
MG017;MGN ENTREPRISE;91410;
MG018;MGB DA ROCHA CARLOS;78640;
MH003;MH FRANCE SARL;6600;
MI004;MIROITERIE PERTUISIENNE;84120;
MI007;MACCARIO VITRAGE;13600;
MI008;MIDI PROTECTION;13784;
MI010;MISSENARD QUINT;13100;
MI014;MIROITERIE BRIGNOLAISE;83170;
MI024;MIRION TECHNOLOGIES;13113;
MI031;MICHEL SARL;4510;
MI036;MIROITERIE MASSILIA SARL;13240;
MI060;MIROITERIE GARRIDO;83500;
MI081;MICRO BE;83085;
MI084;MIROITERIE MARTINEZ;84200;
MI096;MIROITERIE DRAPOISE;6340;
MI097;MIROITERIE AURORE;6000;
MI106;MIROITERIE DE SAINT ANTOINE;13015;
MI110;MIROITERIE MERIDIONALE SA;30000;
MI113;MIROITERIE DEGIVRY SAS;83000;
MI114;SARL MIROITERIE MELLIN;83440;
MI115;MIROITERIE VITRERIE LUMBROSO;83600;
MI117;MIROITERIE CAVAILLONNAISE;84306;
MI121;MIROITERIE SAINT VICTOR;13007;
MI124;MICROELECTRON TRECASSE JACQUES;13300;
MI134;MIROITERIE SINGULIERE;34200;
MI146;MIROITERIE ANATOLE FRANCE;66000;
MI147;MINIER EIRL;6200;
MI149;ETS MILLET;77148;
MI150;MIROITERIE MENUISERIE TP;13180;
MJ010;MJB;95100;
MJ011;MJM ELECTRONIQUE;77700;
MM012;MMAF AZUR SAS;6250;
MM013;MMS MENUISERIE;13010;
MN001;M N ALUMINIUM FRANCE;92120;
MO014;MOINE MENUISERIE SEE;13150;
MO039;MONGIN JAUFFRET;13011;
MO043;MONACO MIROITERIE;98000;
MO063;MONACO STORES;98000;
MO068;MORAZZONI-DELEUIL SERRURERIE;6150;
MO069;MIROITERIE MODERNE;6200;
MO071;MONAVERRE;98000;
MO073;MONACO ELECTRICITE SYSTEME-MES;98000;
MO077;MOSSER JACKY SEE;6000;
MO082;MOMA SRL;98000;
MO087;SAS MONTSINERY;6600;
MO090;MOET HENNESSY;75008;
MO091;MONTE CARLO RENOVATION;98000;
MO092;M OUVERTURE;13011;
MP002;SARL MP PROTECTION;20137;
MR004;SARL GROUPE MR SURETE;13006;
MS012;MS ELECTRICITE;6300;
MS013;M4 SECURITÉ;94110;
MT007;MTMS;95540;
MU006;MUCCI;13006;
MU016;MULTI SERVICES PITER;13012;
MU022;MULLER GLASS SARL;6580;
MV001;MVA (MADIRA);6560;
MV004;MIROIT.VITR.DES MARRONNIERS;6520;
NA003;NAVARRO (MENUISERIE);83240;
NA008;STE NLLE EXPLOIT NACQUI HYPRO;13343;
NA014;NAT SERVICES;13013;
NE004;NEMER (MIROITERIE);13015;
NE037;NEDAP;95612;
NG002;EURL ENTREPRISE NGUYEN;83140;
NJ001;NJL 13;13400;
NJ003;NJ CONCEPT ET FERMETURES;6300;
NO003;NOUVELLE TECHNIQUE MENUISERIE;6516;
NO007;PROVENCE CLES;13400;
NO020;NOUVELLE TECHNIQUE DU BATIMENT;83300;
NO022;NOROSUD HABITAT SARL;83300;
NO024;NOTRE DAME DE LA FERRAGE;84240;
NO028;NOUVELLE SOCIETE D'ASCENSEURS;86280;
NO029;NOUVELLES PEINTURES AZUREENNES;13015;
NO030;NOUMEA WELDING;13011;
NO032;MIROITERIE VALREASSIENNE;84600;
NT002;NTM ALU;6514;
NU001;NUGUE;77470;
NU002;NUVIA STRUCTURE;13857;
NV001;NV BESIX SA;75008;
OC010;OCELLIS;92150;
OE001;OEUVRE DES CRECHES DE NICE;6000;
OF008;OFFICE DE TOURISME;13605;
OL005;OLIVIER REALISATIONS;34170;
OM009;OMNITECH SECURITY;33160;
OM011;OMNIUM CONCEPT;13594;
OP011;OPEN;13010;
OP014;OPTEOR IMMOTIC;92752;
OR001;CRP LA ROUGUIERE;13367;
OR008;ORPEA;15000;
OR011;FACEO FM SUD EST;13854;
OR015;ORIGINAL MENUISERIE;13016;
OR016;ORANGE CSPCF;76721;
OR019;ORPEA LA RENAISSANCE SA;13008;
OS003;MIROITERIE OSCAR SARL;6600;
OS004;OSMOSE;6330;
OU006;OUEST ALU;85500;
OU007;OUEST MAINTENANCE SERVICE;44340;
OV001;OVALIE OUVERTURE;13014;
OV002;OVAL ACCESS;13012;
PA008;PARALU SUD EST;69700;
PA014;CAISSE D'EPARGNE CEPAC;13254;
PA038;STE IMMOBILIERE PATHE PALACE;13170;
PA051;SAM ENT.JB PASTOR ET FILS;98001;
PA075;PASTORELLI CLEFS;6000;
PA077;PARMENTIER SARL;6150;
PA079;FONDATION PAULIANI;6046;
PA094;PARIS PORTES;93230;
PA097;PAQUET FONTAINE;94200;
PC002;PCB RENOVATIONS;13009;
PE008;PELLAPORE ETABLISSEMENTS;83230;
PE037;PER PROTECT ELECTRONIQUE RISQU;13857;
PE050;PERMASTEELISA;92909;
PH003;PHILIPPE ALU 13;13004;
PH006;HOTEL PHOCEA;13001;
PH019;PHM IMMOBILIER;47552;
PI021;PIERI MENUIS.EBENISTERIE SARL;20250;
PI030;PIC PROVENCE SARL;34970;
PI042;PINTO CLAUDIO SARL;98000;
PK001;PKG MENUISERIE AGENCEMENT;60700;
PL022;MIROITERIE DE LA PLAINE;6670;
PL026;PLEINSOLEILS SARL MDM;13004;
PM005;PM SERVICE;83640;
PN001;PN ELECTRONICS;78140;
PO005;PONZIO SERRURERIE;13640;
PO033;POLY'ROTO;13420;
PO042;POSE CONCEPT;13011;
PO047;PORTALP;59536;
PO048;POLYMETAL;98000;
PO062;POLYMATIC SAM;98000;
PO063;IRL POMPONIANA OLBIA HYERES;83400;
PO064;POLYCLINIQUE ST JEAN CAGNES/ME;6805;
PO071;POISSON SAINT ELOI;94100;
PO072;LA POSTE;25070;
PO073;COFAQ;86035;
PR002;PROVENCALE D'ALUMINIUM;13360;
PR005;CONJONCTURE PROTECVOL;13011;
PR020;PREFAL SUD EST;6370;
PR029;PRO HABITAT;13010;
PR042;PREFAL ILE DE FRANCE;91220;
PR043;PREFAL SUD OUEST SAS;33240;
PR084;PRO MR;13014;
PR096;PRIMALU;13127;
PR106;PRO-TECH SECURITE;6220;
PR109;PROXISERVE;33310;
PR119;PROVENCE MAINTENANCE SERVICES;13290;
PR121;SLG PROVENCE ISOLATION;13920;
PR133;PROKODIS;6340;
PR134;PRAESIDIUM;13015;
PR150;PROVENCE FROID;4180;
PR161;PROVELEC SUD;83140;
PR163;PRESTAM;34960;
PR165;PRIMION SAS;92000;
PR166;PRM;93460;
PR143;PRESTA POSE;94400;
QU002;QUINCAILLERIE MEDITERRANEENNE;13713;
QU010;QUINCAILLERIE DU LITTORAL;13016;
QU011;QUINCAILLERIE FEDIDA;87005;
QU031;ETS GILBERT;13012;
QU034;QUAGLIA SYLVAIN;6700;
QU037;QUINCAILLERIE MAZZOLA;6300;
QU044;QUINCAILLERIE DU BATIMENT;75011;
PO073;COFAQ;86035;
QU048;QUINCAILLERIE CENTRAL PO;13010;
RA002;RAJOL PROTECTION SERRURERIE;13007;
RA004;ARCITA;34070;
RA021;RANC DEVELOPPEMENT;13270;
RA031;RAPPA GREGORY;13013;
RD002;REALISATIONS DIFFUSIONS METALL;6517;
RE007;RESO;13395;
RE008;REALISATION ENTRETIEN RENOVAT;13004;
RE011;REGIS PERE ET FILS, SA;83480;
RE019;MONT AURELIEN;83860;
RE021;RENAULT S.A;13008;
RE024;REALU DIFFUSION SARL;13830;
RE027;RECORD PORTES AUTOMATIQUES;91160;
RE049;RECOR;20620;
RE058;ASSOCIATION SAINT MAUR;83200;
RE086;RESO EST;57050;
RE087;RESIDENCE PASTEUR;13100;
RE088;RESIDENCE LA RIMANDIERE;13310;
RE098;RENOVATION PEINTURE;13005;
SE007;SERRURERIE DE LA PARETTE;13830;
SE014;SERVIERES MENUISERIE;13080;
SE015;SERRURERIE DU MIDI;13320;
SE025;SERPAT TRAVAUX;13013;
SE033;SEQUOR;30290;
SE040;SEVIGNE ASSOCIATION;13013;
SE049;SEPALUMIC INDUSTRIE;6371;
SE065;STE D'ENTREPRISES ELECTRIQUES;21078;
SE081;SERRURERIE SAINT-LAURENT, SARL;6700;
SE090;SAS SEPALUMIC DISTRIBUTION;6371;
SE118;SECURIT WERKE;34000;
SE140;SEMEC SCE COMPTABLE;6403;
SE164;SERRURERIE SERGE;13011;
SE166;SAS SECURITAS TECHNOLOGIES;92137;
SE168;SEDIB;94203;
SE169;SEFRA;94100;
SE174;5M SERVICES;92230;
SE166;SAS SECURITAS TECHNOLOGIES;92137;
SE185;SET SUD EST;13400;
SE190;SERRURRERIE IPLIKDJIAN;83170;
SE194;SERABA;78660;
SF002;SERRURERIE FERMETURE SFB;13140;
SG018;SGT;97200;
SG021;SGR;93100;
SG023;SGTM;83520;
SH003;STE HYEROISE DE METALLERIE;83400;
SH006;SHT SERVICES;13500;
SI012;SICAB SARL;20167;
SI035;SIAMEP;13010;
SI036;SIEB;13011;
SI047;SOCIETE INDUSTRIELLE DE;83300;
SI048;SIMEL SARL;13112;
SI058;SIVOM VAL DE BANQUIERE;6730;
SI062;SIMOS RENOV;13013;
SI065;SILICON MOBILITY;6560;
SI070;SIPARTECH;75009;
SI071;SICATEL GROUPE GMS;93110;
SI076;SIAMETAL;20260;
SL007;SASU SLI;13420;
SM001;SMMM;13480;
SM005;SMAB SARL;13011;
SM009;SMCR STE MERID CONSTRUCT RENOV;13014;
SM026;SMAC AIX EN PROVENCE;59092;
SM033;STE DE METALLERIE GARGINI SARL;30034;
SM056;SME MONACO;98000;
SM068;PROLIANS SMG;38432;
SN048;SN CORSE VITRAGE;20620;
SN051;SNER;14320;
SN055;SNEF 8M;31201;
SN056;SNEF VILLEPINTE MAINTENANCE;93290;
SO002;SODIMETAL;31650;
SO014;SONIFERBA;30000;
SO025;SOMIBAT;13400;
SO043;SOCIETE NAUTIQUE DE MARSEILLE;13007;
SO063;SOCIETE DES EAUX DE MARSEILLE;13254;
SO073;SOCIETE TEXTILE INDUSTRIELLE;13420;
SO080;SOMPAL SARL;83480;
SO085;SOCIETE DES BAINS DE MER;98000;
SO092;SOWOOD;13700;
SO123;SARL ETS SONZOGNI PIERRE;34760;
SO124;SORIA B SARL;13170;
SO136;SOUDECOUP;13120;
SO137;SA SOLATRAG;34302;
SO180;SOCIETE ROCATE L2;13012;
SO158;SONTEC;13700;
SO181;SOMESII;6700;
SO186;SOMEFI;69400;
SO189;SOTOYA CONSTRUCTION;13600;
SO192;SOBAC;91350;
SO193;SONAPRO LE PONTET;92546;
SP002;SPIE INDUSTRIE ET TERTIAIRE;35093;
SP004;SPARE ISOL EURL SOVEAL;83480;
SP018;SPMP;13012;
SP032;SPJ MENUISERIE SARL;83130;
SP044;SPLETH;34540;
SP059;SPIE OPERATIONS;95863;
SP061;SPELEM;31094;
SQ002;SQUARE HABITAT;13002;
SS006;SSR SAINT JEAN SARL;6800;
ST029;STAP S.A.R.L;13010;
ST050;STELER;13005;
ST084;STORES & FERMETURES PROVENCALE;4100;
ST085;STORES XIII;13011;
ST098;STEAMO;92300;
SU021;SUDELEC SAS;13545;
SU029;SUD PROFIL E.U.R.L.;13600;
SU063;SUR COFFRES-FORTS SARL;13680;
SU076;SUD EST FERMETURE;6700;
SU077;SUD MIROITERIE;6730;
SU078;SUD MIROITERIE SARL;98012;
SU082;SUD EST ALU SYSTEM;6200;
SU086;SUSCILLON;38110;
SU095;SUN RIVIERA;98000;
SY027;SYSTEM ID;91160;
SY028;SYNERGIE CAD;6615;
TA002;TABUSSE MENUISERIES SARL;30540;
TA008;SERRURERIE DU GOLFE;13600;
TA018;TARDY SARL;95340;
TA019;TALOS KOPP;94400;
TA020;TAQUET CLOISONS;91290;
TC009;TCE;91260;
TE002;TECHNIC AZUR;83640;
TE003;TELEM NICE;38610;
TE017;TECNIGLACE S.A.R.L;20167;
TE021;TECNALUPVC;6100;
TE023;TEEXAL S.A.R.L;13014;
TE028;TELEM VITROLLES;38610;
TE031;SARL TERRITOIRE;13011;
TE035;TECHNIQUES NLLES DE MENUISERIE;13010;
TE045;TESIA SARL;13600;
TE068;TELIS S.A.M;98000;
TE076;TERRASSES DU BAILLI SAS;83820;
TE078;TELEM ILE DE FRANCE;38610;
TH007;THYSSEN KRUPP ASCENCEURS SAS;49001;
TH015;THEMA PROJET;13090;
TH020;THERMATIC SAS;12033;
TI015;TIFALI SECURITE;93500;
TL003;TLS;94220;
TM005;TOUTES MENUISERIES PVC SARL;13011;
TM007;T & M;13008;
TM008;TM2S;95500;
TO006;TOP POSE MENUISERIE;20137;
TO018;TOBATI SARL ( BATIMAN );83140;
TO027;FINANCIERE TOPVER SAS;6300;
TO029;SPEC TOBI;6200;
TP005;TPE;13001;
TR004;TRAPANI LA ROCCA;6510;
TR043;DECO TREND MONACO SARL;98000;
TS001;TSE BATIMENT, SARL;83480;
TS005;TSA VENAUT;13400;
TS010;TSEI;75019;
TU003;PRO WOOD;6340;
AS028;ASSA ABLOY FRANCE;10304;
UN026;UNION MATERIAUX;34965;
UN039;UNIVERSITE DE LA SORBONNE;93430;
US001;USIDEL CONCEPT SAS;20137;
UX001;UXELLO;13594;
VA009;VALENZA ET FILS SARL;13012;
VA022;SERVICE FACTURIER;6270;
VA023;VALENTI MENUISERIE;20167;
VA035;VALENTINE VALLEE VERTE SCI;6310;
VA037;VALERIAN;84275;
VA039;VAL MARTIN;6370;
VE012;VERDAGNE RENE, EN NOM;13001;
VE030;STE D'EXPL.DES ETS VENTURELLI;4100;
VE038;LA VERRIERE MENTONNAISE;6500;
VE040;VEZZOLI SARL;6340;
VE049;VEOLIA ENERGIE FRANCE;13016;
VE051;SCI VENDOME COMMERCES;13480;
VE053;VERITRONIC;91090;
VE056;VERRE ET METAL;94380;
VI003;MAIRIE PENNE/HUVEAUNE;13713;
VI023;VIP PLUS (VENT.INDUST.PREVENT);34170;
VI077;VITRERIE SALONAISE;13300;
VI084;VILLE DE VILLEFRANCHE SUR MER;6236;
VI101;SCI VICTORY;6100;
VI103;DIRECTION DES SPORTS;13090;
VI106;VIA2S DISTRIBUTION;91350;
VI107;FACEO FM IDF;78230;
VI113;VIA AURELIA SOLUTIONS;13410;
VI115;VIRIOT HAUTBOUT;13671;
VO006;VOLALUX SARL;83490;
WI007;SDC WILLIAM CARR;13006;
WU001;"WULFAERT ""ALL SERVICES PRO""";6300;
YA003;YACHT CLUB DE MONACO;98000;
YV002;YVROUD;73220;
ZA009;ENTREPRISE ZAKARIAN SASU;13015;
ZE001;LES ZELLES S.A;88250;
